-- ============================================================
--  CLIENT2 — CHI NHANH DA NANG (CN2)
--  Phan manh ngang: chi chua du lieu cua CHINHANH = 'CN2'
--  IP: 192.168.99.12  |  Port: 1433 (mapped 1435)
-- ============================================================

USE master;
GO

IF EXISTS (SELECT name FROM sys.databases WHERE name = 'QuanLyNhanSu')
BEGIN
    ALTER DATABASE QuanLyNhanSu SET SINGLE_USER WITH ROLLBACK IMMEDIATE;
    DROP DATABASE QuanLyNhanSu;
END
GO

CREATE DATABASE QuanLyNhanSu;
GO

USE QuanLyNhanSu;
GO

CREATE TABLE CHINHANH (IDCN CHAR(10) PRIMARY KEY NOT NULL, TENCNHANH NVARCHAR(255) NOT NULL, HOTLINE VARCHAR(20), DIACHI NVARCHAR(255));
CREATE TABLE CHUCVU   (IDCV CHAR(10) PRIMARY KEY NOT NULL, TENCV NVARCHAR(255) NOT NULL);
CREATE TABLE PHONGBAN (IDPB CHAR(10) PRIMARY KEY NOT NULL, TENPB NVARCHAR(255) NOT NULL, DIACHI NVARCHAR(255), NGAYTHANHLAP DATE);
CREATE TABLE TRINHDO  (IDTD CHAR(10) PRIMARY KEY NOT NULL, TENTD NVARCHAR(255) NOT NULL, CHUYENNGANH NVARCHAR(255));

CREATE TABLE NHANVIEN (
    IDNV CHAR(10) PRIMARY KEY NOT NULL, TENNV NVARCHAR(255) NOT NULL, GIOITINH NVARCHAR(10),
    NGAYSINH DATE, CCCD CHAR(12), EMAIL VARCHAR(255), DIENTHOAI VARCHAR(15),
    DIACHI NVARCHAR(255), DANTOC NVARCHAR(50), TONGIAO NVARCHAR(50), HONNHAN NVARCHAR(50),
    TRINHDO CHAR(10) NOT NULL, CHUCVU CHAR(10) NOT NULL, PHONGBAN CHAR(10) NOT NULL, CHINHANH CHAR(10) NOT NULL,
    FOREIGN KEY (CHINHANH) REFERENCES CHINHANH(IDCN), FOREIGN KEY (CHUCVU) REFERENCES CHUCVU(IDCV),
    FOREIGN KEY (TRINHDO) REFERENCES TRINHDO(IDTD), FOREIGN KEY (PHONGBAN) REFERENCES PHONGBAN(IDPB)
);

CREATE TABLE LOAIHD (IDLOAI CHAR(10) PRIMARY KEY NOT NULL, TENLOAI NVARCHAR(255) NOT NULL, THOIHAN INT, BHYT NVARCHAR(11), BHXH NVARCHAR(11), BHTN NVARCHAR(11));

CREATE TABLE HOPDONG (
    SODH CHAR(10) PRIMARY KEY NOT NULL, NGAYKY DATE, NGAYBATDAU DATE, NGAYKETTHUC DATE,
    LUONGCOBAN DECIMAL(15,2), TRANGTHAI VARCHAR(20), IDNV CHAR(10) NOT NULL, LOAIHD CHAR(10) NOT NULL,
    FOREIGN KEY (IDNV) REFERENCES NHANVIEN(IDNV), FOREIGN KEY (LOAIHD) REFERENCES LOAIHD(IDLOAI)
);

CREATE TABLE BANGCHAMCONG (
    IDBC CHAR(10) PRIMARY KEY NOT NULL, IDNV CHAR(10) NOT NULL, THANG TINYINT, NAM SMALLINT,
    SOGIOTANGCA DECIMAL(5,2), SONGAYNGHI INT, SONGAYDITRE INT, TONGNGAYLAM INT, TRANGTHAI NVARCHAR(50),
    FOREIGN KEY (IDNV) REFERENCES NHANVIEN(IDNV)
);

CREATE TABLE LOAICONG (IDLC CHAR(10) PRIMARY KEY NOT NULL, TENLC NVARCHAR(50) NOT NULL, MOTA NVARCHAR(255));

CREATE TABLE CHITIET_BANGCONG (
    IDCT CHAR(10) PRIMARY KEY NOT NULL, IDBC CHAR(10) NOT NULL, NGAYLAM INT, LOAICONG CHAR(10) NOT NULL,
    FOREIGN KEY (IDBC) REFERENCES BANGCHAMCONG(IDBC), FOREIGN KEY (LOAICONG) REFERENCES LOAICONG(IDLC)
);

CREATE TABLE BANGLUONG (
    IDBL CHAR(10) PRIMARY KEY NOT NULL, IDBC CHAR(10) NOT NULL, LUONGCOBAN DECIMAL(15,2),
    LUONGTHUCTE DECIMAL(15,2), THUETNCN DECIMAL(10,2), LUONGTHUONG DECIMAL(15,2),
    PHUCAPCHUCVU DECIMAL(15,2), KHOANTRUBAOHIEM DECIMAL(15,2), PHUCAPKHAC DECIMAL(15,2),
    KHOANTRUKHAC DECIMAL(15,2), THUCNHAN DECIMAL(15,2),
    FOREIGN KEY (IDBC) REFERENCES BANGCHAMCONG(IDBC)
);

CREATE TABLE TUYENDUNG (
    MATD CHAR(10) PRIMARY KEY, IDCN CHAR(10), VITRITD NVARCHAR(255), DOTUOI INT, GIOITINH NVARCHAR(10),
    SOLUONG INT, HANTD DATE, LUONGTOITHIEU DECIMAL(10,2), LUONGTOIDA DECIMAL(10,2),
    SOHOSODANAOP INT, SOHOSODATUYEN INT, TRANGTHAI NVARCHAR(50),
    FOREIGN KEY (IDCN) REFERENCES CHINHANH(IDCN)
);
GO

-- ============================================================
--  INSERT DU LIEU — CHI NHANH CN2 (DA NANG)
-- ============================================================

INSERT INTO CHINHANH VALUES ('CN2', N'Chi nhánh Đà Nẵng', '0247654321', N'456 Nguyễn Văn Linh, Hải Châu, Đà Nẵng');
GO

INSERT INTO CHUCVU VALUES
('CV001',N'Giám đốc'),('CV002',N'Trưởng phòng'),('CV003',N'Nhân viên'),('CV004',N'Chuyên viên'),
('CV005',N'Thực tập sinh'),('CV006',N'Quản lý'),('CV007',N'Trưởng nhóm'),('CV008',N'Phó giám đốc'),
('CV009',N'Kế toán trưởng'),('CV010',N'Nhân viên hành chính'),('CV011',N'Nhân viên IT'),('CV012',N'Nhân viên kinh doanh');
GO

INSERT INTO TRINHDO VALUES
('TD001',N'Đại học',N'Công nghệ thông tin'),('TD002',N'Đại học',N'Quản trị kinh doanh'),
('TD003',N'Đại học',N'Kế toán'),('TD004',N'Đại học',N'Marketing'),
('TD005',N'Cao đẳng',N'Quản trị văn phòng'),('TD006',N'Cao đẳng',N'Kỹ thuật điện'),
('TD007',N'Thạc sĩ',N'Khoa học máy tính'),('TD008',N'Tiến sĩ',N'Kinh tế học'),
('TD009',N'Cao đẳng',N'Du lịch'),('TD010',N'Trung cấp',N'Công nghệ thông tin'),
('TD011',N'Đại học',N'Luật'),('TD012',N'Đại học',N'Ngôn ngữ Anh');
GO

-- Phong ban thuoc CN2
INSERT INTO PHONGBAN VALUES
('PB_KD2',  N'Phòng Kinh doanh 2', N'Lầu 2, 456 Nguyễn Văn Linh', '2021-03-10'),
('PB_MKT2', N'Phòng Marketing 2',  N'Lầu 3, 456 Nguyễn Văn Linh', '2021-05-01'),
('PB_NS2',  N'Phòng Nhân sự 2',    N'Lầu 1, 456 Nguyễn Văn Linh', '2021-02-15'),
('PB_KT3',  N'Phòng Kỹ thuật 3',   N'Lầu 6, 789 Võ Văn Tần',      '2018-08-10'),
('PB_TC3',  N'Phòng Tài chính 3',  N'Lầu 4, 789 Võ Văn Tần',      '2018-06-01');
GO

-- Nhan vien thuoc CN2: NV002, NV006, NV010, NV012
INSERT INTO NHANVIEN VALUES
('NV002', N'Trần Thị B',   N'Nữ', '1992-08-20','001234567890','btt@example.com','0904445556',N'456 Đường B, Hà Nội', N'Kinh',N'Phật giáo', N'Độc thân',  'TD002','CV002','PB_KD2', 'CN2'),
('NV006', N'Nguyễn Thị F', N'Nữ', '1991-04-25','001678901234','fnt@example.com','0914445556',N'303 Đường F, Hà Nội', N'Kinh',N'Phật giáo', N'Đã kết hôn','TD002','CV003','PB_KT3', 'CN2'),
('NV010', N'Hoàng Thị K',  N'Nữ', '1997-03-08','002012345678','kht@example.com','0934445556',N'707 Đường K, Hà Nội', N'Kinh',N'Không',     N'Độc thân',  'TD002','CV005','PB_TC3', 'CN2'),
('NV012', N'Trần Thị M',   N'Nữ', '1998-11-11','002234567890','mtt@example.com','0939990001',N'909 Đường M, Đà Nẵng',N'Kinh',N'Phật giáo', N'Độc thân',  'TD005','CV003','PB_MKT2','CN2');
GO

INSERT INTO LOAIHD VALUES
('HD001',N'Hợp đồng Không xác định thời hạn',NULL,N'Có',N'Có',N'Có'),
('HD002',N'Hợp đồng 12 tháng',12,N'Có',N'Có',N'Có'),
('HD003',N'Hợp đồng 24 tháng',24,N'Có',N'Có',N'Có'),
('HD004',N'Hợp đồng Thử việc',2,N'Không',N'Không',N'Không');
GO

INSERT INTO HOPDONG VALUES
('HDNV002','2024-03-15','2024-03-15','2025-03-14',18000000.00,N'Có hiệu lực','NV002','HD002'),
('HDNV006','2023-09-01','2023-09-01',NULL,14000000.00,N'Có hiệu lực','NV006','HD001'),
('HDNV010','2024-07-15','2024-07-15','2024-10-14',7000000.00,N'Có hiệu lực','NV010','HD004'),
('HDNV012','2024-08-01','2024-08-01','2025-07-31',10000000.00,N'Có hiệu lực','NV012','HD002');
GO

INSERT INTO BANGCHAMCONG VALUES
('BCC002','NV002',1,2024,5.0,2,1,24,N'Đã duyệt'),
('BCC006','NV006',1,2024,6.0,0,1,25,N'Đã duyệt'),
('BCC010','NV010',1,2024,1.0,4,0,22,N'Đã duyệt'),
('BCC012','NV012',1,2024,3.0,1,5,20,N'Đã duyệt');
GO

INSERT INTO LOAICONG VALUES
('DL','Đi làm','Ngày bình thường'),('NP','Nghỉ phép','Có lương'),
('NKL','Nghỉ không lương','Không lương'),('CT','Công tác','Đi công tác'),
('TC1','Tăng ca','1h'),('TC2','Tăng ca','2h'),('TC3','Tăng ca','3h'),('TC4','Tăng ca','4h'),('DT','Đi trễ','Muộn');
GO

INSERT INTO CHITIET_BANGCONG VALUES
('CTCC003','BCC002',1,'NP'),('CTCC004','BCC002',3,'NKL'),
('CTCC011','BCC006',20,'DL'),('CTCC012','BCC006',21,'TC2');
GO

INSERT INTO BANGLUONG VALUES
('BL002','BCC002',18000000.00,18000000.00*(24.0/26.0)+(5.0*(18000000.00/26/8)*1.5),300000.00,500000.00,2000000.00,1500000.00,300000.00,100000.00,(18000000.00*(24.0/26.0)+(5.0*(18000000.00/26/8)*1.5))-300000.00+500000.00+2000000.00-1500000.00+300000.00-100000.00),
('BL006','BCC006',14000000.00,14000000.00*(25.0/26.0)+(6.0*(14000000.00/26/8)*1.5),150000.00,400000.00,0.00,1100000.00,150000.00,0.00,(14000000.00*(25.0/26.0)+(6.0*(14000000.00/26/8)*1.5))-150000.00+400000.00+0.00-1100000.00+150000.00),
('BL010','BCC010',7000000.00,7000000.00*(22.0/26.0)+(1.0*(7000000.00/26/8)*1.5),0.00,0.00,0.00,0.00,0.00,0.00,(7000000.00*(22.0/26.0)+(1.0*(7000000.00/26/8)*1.5))),
('BL012','BCC012',10000000.00,10000000.00*(20.0/26.0)+(3.0*(10000000.00/26/8)*1.5),50000.00,200000.00,0.00,800000.00,50000.00,100000.00,(10000000.00*(20.0/26.0)+(3.0*(10000000.00/26/8)*1.5))-50000.00+200000.00+0.00-800000.00+50000.00-100000.00);
GO

INSERT INTO TUYENDUNG VALUES
('TD002','CN2',N'Chuyên viên Marketing',        25,N'Không',3,'2024-11-30',10000000.00,18000000.00,10,2,N'Đang tuyển'),
('TD005','CN2',N'Thực tập sinh Nhân sự',        20,N'Không',3,'2024-09-30', 3000000.00, 5000000.00,20,2,N'Đang tuyển'),
('TD009','CN2',N'Nhân viên Phát triển phần mềm',24,N'Nam',  3,'2024-11-10',15000000.00,25000000.00,11,1,N'Đang tuyển'),
('TD011','CN2',N'Nhân viên Digital Marketing',  24,N'Không',3,'2024-11-20',11000000.00,19000000.00,14,2,N'Đang tuyển'),
('TD012','CN2',N'Nhân viên Tư vấn tài chính',   25,N'Không',4,'2024-12-10', 9000000.00,18000000.00,16,2,N'Đang tuyển');
GO

-- ============================================================
--  DU LIEU BO SUNG THANG 2/2024 — CN2
-- ============================================================
INSERT INTO BANGCHAMCONG VALUES
('BCC102','NV002',2,2024, 3.0,1,0,22,N'Đã duyệt'),
('BCC106','NV006',2,2024, 7.5,0,0,23,N'Đã duyệt'),
('BCC110','NV010',2,2024, 0.0,3,2,18,N'Đã duyệt'),
('BCC112','NV012',2,2024, 1.5,0,1,22,N'Đã duyệt');
GO

INSERT INTO BANGLUONG VALUES
('BL102','BCC102',18000000.00,18000000.00*(22.0/26.0)+(3.0*(18000000.00/26/8)*1.5),270000.00,0.00,2000000.00,1500000.00,300000.00,0.00,(18000000.00*(22.0/26.0)+(3.0*(18000000.00/26/8)*1.5))-270000.00+0.00+2000000.00-1500000.00+300000.00),
('BL106','BCC106',14000000.00,14000000.00*(23.0/26.0)+(7.5*(14000000.00/26/8)*1.5),140000.00,600000.00,0.00,1100000.00,150000.00,0.00,(14000000.00*(23.0/26.0)+(7.5*(14000000.00/26/8)*1.5))-140000.00+600000.00+0.00-1100000.00+150000.00),
('BL110','BCC110',7000000.00,7000000.00*(18.0/26.0),0.00,0.00,0.00,0.00,0.00,0.00,(7000000.00*(18.0/26.0))),
('BL112','BCC112',10000000.00,10000000.00*(22.0/26.0)+(1.5*(10000000.00/26/8)*1.5),45000.00,0.00,0.00,800000.00,50000.00,0.00,(10000000.00*(22.0/26.0)+(1.5*(10000000.00/26/8)*1.5))-45000.00+0.00+0.00-800000.00+50000.00);
GO

-- ============================================================
--  DU LIEU BO SUNG THANG 3/2024 — CN2
-- ============================================================
INSERT INTO BANGCHAMCONG VALUES
('BCC202','NV002',3,2024, 4.0,1,1,23,N'Đã duyệt'),
('BCC206','NV006',3,2024, 8.0,0,0,26,N'Đã duyệt'),
('BCC210','NV010',3,2024, 0.0,0,0,26,N'Đã duyệt'),
('BCC212','NV012',3,2024, 5.0,2,0,24,N'Đã duyệt');
GO

INSERT INTO BANGLUONG VALUES
('BL202','BCC202',18000000.00,18000000.00*(23.0/26.0)+(4.0*(18000000.00/26/8)*1.5),310000.00,0.00,2000000.00,1500000.00,300000.00,0.00,(18000000.00*(23.0/26.0)+(4.0*(18000000.00/26/8)*1.5))-310000.00+0.00+2000000.00-1500000.00+300000.00),
('BL206','BCC206',14000000.00,14000000.00*(26.0/26.0)+(8.0*(14000000.00/26/8)*1.5),160000.00,700000.00,0.00,1100000.00,150000.00,0.00,(14000000.00*(26.0/26.0)+(8.0*(14000000.00/26/8)*1.5))-160000.00+700000.00+0.00-1100000.00+150000.00),
('BL210','BCC210',7000000.00,7000000.00*(26.0/26.0),0.00,0.00,0.00,0.00,0.00,0.00,(7000000.00*(26.0/26.0))),
('BL212','BCC212',10000000.00,10000000.00*(24.0/26.0)+(5.0*(10000000.00/26/8)*1.5),55000.00,300000.00,0.00,800000.00,50000.00,0.00,(10000000.00*(24.0/26.0)+(5.0*(10000000.00/26/8)*1.5))-55000.00+300000.00+0.00-800000.00+50000.00);
GO

USE master;
GO
CREATE LOGIN ket_noi WITH PASSWORD = 'KetNoi@123', CHECK_POLICY = OFF;
GO
USE QuanLyNhanSu;
GO
CREATE USER ket_noi FOR LOGIN ket_noi;
ALTER ROLE db_owner ADD MEMBER ket_noi;
GO

USE master;
GO
IF EXISTS (SELECT name FROM sys.servers WHERE name = 'QLNS_MASTER')
    EXEC sp_dropserver 'QLNS_MASTER', 'droplogins';
GO
EXEC sp_addlinkedserver @server='QLNS_MASTER', @srvproduct='', @provider='MSOLEDBSQL', @datasrc='192.168.99.10,1433';
GO
EXEC sp_addlinkedsrvlogin @rmtsrvname='QLNS_MASTER', @useself='FALSE', @rmtuser='sa', @rmtpassword='KetNoi@123';
GO

PRINT N'=== CLIENT2 (CN2 - Da Nang) da khoi tao xong! ===';
GO
