CREATE TABLE CHINHANH (IDCN TEXT PRIMARY KEY NOT NULL, TENCNHANH TEXT NOT NULL, HOTLINE TEXT, DIACHI TEXT);
CREATE TABLE CHUCVU (IDCV TEXT PRIMARY KEY NOT NULL, TENCV TEXT NOT NULL);
CREATE TABLE PHONGBAN (IDPB TEXT PRIMARY KEY NOT NULL, TENPB TEXT NOT NULL, DIACHI TEXT, NGAYTHANHLAP TEXT);
CREATE TABLE TRINHDO (IDTD TEXT PRIMARY KEY NOT NULL, TENTD TEXT NOT NULL, CHUYENNGANH TEXT);
CREATE TABLE NHANVIEN (IDNV TEXT PRIMARY KEY NOT NULL, TENNV TEXT NOT NULL, GIOITINH TEXT, NGAYSINH TEXT, CCCD TEXT, EMAIL TEXT, DIENTHOAI TEXT, DIACHI TEXT, DANTOC TEXT, TONGIAO TEXT, HONNHAN TEXT, TRINHDO TEXT NOT NULL, CHUCVU TEXT NOT NULL, PHONGBAN TEXT NOT NULL, CHINHANH TEXT NOT NULL, IsDeleted INTEGER DEFAULT 0);
CREATE TABLE LOAIHD (IDLOAI TEXT PRIMARY KEY NOT NULL, TENLOAI TEXT NOT NULL, THOIHAN INTEGER, BHYT TEXT, BHXH TEXT, BHTN TEXT);
CREATE TABLE HOPDONG (SODH TEXT PRIMARY KEY NOT NULL, NGAYKY TEXT, NGAYBATDAU TEXT, NGAYKETTHUC TEXT, LUONGCOBAN REAL, TRANGTHAI TEXT, IDNV TEXT NOT NULL, LOAIHD TEXT NOT NULL, IsDeleted INTEGER DEFAULT 0);
CREATE TABLE BANGCHAMCONG (IDBC TEXT PRIMARY KEY NOT NULL, IDNV TEXT NOT NULL, THANG INTEGER, NAM INTEGER, SOGIOTANGCA REAL, SONGAYNGHI INTEGER, SONGAYDITRE INTEGER, TONGNGAYLAM INTEGER, TRANGTHAI TEXT);
CREATE TABLE LOAICONG (IDLC TEXT PRIMARY KEY NOT NULL, TENLC TEXT NOT NULL, MOTA TEXT);
CREATE TABLE CHITIET_BANGCONG (IDCT TEXT PRIMARY KEY NOT NULL, IDBC TEXT NOT NULL, NGAYLAM INTEGER, LOAICONG TEXT NOT NULL);
CREATE TABLE BANGLUONG (IDBL TEXT PRIMARY KEY NOT NULL, IDBC TEXT NOT NULL, LUONGCOBAN REAL, LUONGTHUCTE REAL, THUETNCN REAL, LUONGTHUONG REAL, PHUCAPCHUCVU REAL, KHOANTRUBAOHIEM REAL, PHUCAPKHAC REAL, KHOANTRUKHAC REAL, THUCNHAN REAL);
CREATE TABLE UNGVIEN (IDUV TEXT PRIMARY KEY, TENUV TEXT, GIOITINH TEXT, NGAYSINH TEXT, CCCD TEXT, EMAIL TEXT, DIACHI TEXT, DIENTHOAI TEXT, DANTOC TEXT, TONGIAO TEXT, HONNHAN TEXT, TRINHDO TEXT, TRANGTHAI TEXT, LUONG_DEAL REAL);
CREATE TABLE TUYENDUNG (MATD TEXT PRIMARY KEY, IDCN TEXT, VITRITD TEXT, DOTUOI INTEGER, GIOITINH TEXT, SOLUONG INTEGER, HANTD TEXT, LUONGTOITHIEU REAL, LUONGTOIDA REAL, SOHOSODANAOP INTEGER, SOHOSODATUYEN INTEGER, TRANGTHAI TEXT, IsDeleted INTEGER DEFAULT 0);
CREATE TABLE UNGVIEN_UNGTUYEN (IDUV TEXT, IDTD TEXT, NGAYUT TEXT, PRIMARY KEY (IDUV, IDTD));
CREATE TABLE NHOMQUYEN (IDNQ TEXT PRIMARY KEY, TENNHOMQUYEN TEXT, MOTA TEXT);
CREATE TABLE TAIKHOAN (IDTK TEXT PRIMARY KEY, TENTK TEXT, PASSWORD TEXT, QUYEN TEXT, IDNV TEXT UNIQUE);

INSERT INTO CHINHANH (IDCN, TENCNHANH, HOTLINE, DIACHI) VALUES
('CN1', 'Chi nhánh Hà Nội', '0281234567', '123 Đường Láng, Đống Đa, Hà Nội'),
('CN2', 'Chi nhánh Đà Nẵng', '0247654321', '456 Nguyễn Văn Linh, Hải Châu, Đà Nẵng'),
('CN3', 'Chi nhánh Hồ Chí Minh','0236111222', '789 Võ Văn Tần, Quận 3, TP. Hồ Chí Minh');

INSERT INTO CHUCVU (IDCV, TENCV) VALUES
('CV001', 'Giám đốc'), ('CV002', 'Trưởng phòng'), ('CV003', 'Nhân viên'), ('CV004', 'Chuyên viên'), ('CV005', 'Thực tập sinh'), ('CV006', 'Quản lý'), ('CV007', 'Trưởng nhóm'), ('CV008', 'Phó giám đốc'), ('CV009', 'Kế toán trưởng'), ('CV010', 'Nhân viên hành chính'), ('CV011', 'Nhân viên IT'), ('CV012', 'Nhân viên kinh doanh');

INSERT INTO TRINHDO (IDTD, TENTD, CHUYENNGANH) VALUES
('TD001', 'Đại học', 'Công nghệ thông tin'), ('TD002', 'Đại học', 'Quản trị kinh doanh'), ('TD003', 'Đại học', 'Kế toán'), ('TD004', 'Đại học', 'Marketing'), ('TD005', 'Cao đẳng', 'Quản trị văn phòng'), ('TD006', 'Cao đẳng', 'Kỹ thuật điện'), ('TD007', 'Thạc sĩ', 'Khoa học máy tính'), ('TD008', 'Tiến sĩ', 'Kinh tế học'), ('TD009', 'Cao đẳng', 'Du lịch'), ('TD010', 'Trung cấp', 'Công nghệ thông tin'), ('TD011', 'Đại học', 'Luật'), ('TD012', 'Đại học', 'Ngôn ngữ Anh');

INSERT INTO PHONGBAN (IDPB, TENPB, DIACHI, NGAYTHANHLAP) VALUES
('PB_KD1', 'Phòng Kinh doanh 1', 'Tầng 2, 123 Đường Láng', '2020-01-15'), ('PB_KT1', 'Phòng Kỹ thuật 1', 'Tầng 3, 123 Đường Láng', '2020-02-20'), ('PB_KT2', 'Phòng Kỹ thuật 2', 'Tầng 1, 456 Nguyễn Văn Linh', '2020-02-20'), ('PB_HC1', 'Phòng Hành chính 1', 'Tầng 1, 123 Đường Láng', '2019-11-01'), ('PB_KD2', 'Phòng Kinh doanh 2', 'Lầu 2, 456 Nguyễn Văn Linh', '2021-03-10'), ('PB_MKT2', 'Phòng Marketing 2', 'Lầu 3, 456 Nguyễn Văn Linh', '2021-05-01'), ('PB_NS2', 'Phòng Nhân sự 2', 'Lầu 1, 456 Nguyễn Văn Linh', '2021-02-15'), ('PB_KD3', 'Phòng Kinh doanh 3', 'Lầu 5, 789 Võ Văn Tần', '2018-07-01'), ('PB_KT3', 'Phòng Kỹ thuật 3', 'Lầu 6, 789 Võ Văn Tần', '2018-08-10'), ('PB_TC3', 'Phòng Tài chính 3', 'Lầu 4, 789 Võ Văn Tần', '2018-06-01'), ('PB_DA3', 'Ban Quản lý Dự án 3', 'Lầu 7, 789 Võ Văn Tần', '2019-01-20');

INSERT INTO NHANVIEN (IDNV, TENNV, GIOITINH, NGAYSINH, CCCD, EMAIL, DIENTHOAI, DIACHI, DANTOC, TONGIAO, HONNHAN, TRINHDO, CHUCVU, PHONGBAN, CHINHANH, IsDeleted) VALUES
('NV001', 'Nguyễn Văn A', 'Nam', '1990-05-10', '001123456789', 'anv@example.com', '0901112223', '123 Đường A, Hà Nội', 'Kinh', 'Không', 'Đã kết hôn', 'TD001', 'CV001', 'PB_KD1', 'CN1', 0),
('NV002', 'Trần Thị B', 'Nữ', '1992-08-20', '001234567890', 'btt@example.com', '0904445556', '456 Đường B, Hà Nội', 'Kinh', 'Phật giáo', 'Độc thân', 'TD002', 'CV002', 'PB_KD2', 'CN2', 0),
('NV003', 'Lê Văn C', 'Nam', '1988-11-30', '001345678901', 'clv@example.com', '0907778889', '789 Đường C, Đà Nẵng', 'Kinh', 'Không', 'Đã kết hôn', 'TD003', 'CV003', 'PB_KD3', 'CN3', 0),
('NV004', 'Phạm Thị D', 'Nữ', '1995-02-15', '001456789012', 'dtp@example.com', '0909990001', '101 Đường D, Hà Nội', 'Kinh', 'Thiên Chúa giáo','Độc thân', 'TD004', 'CV004', 'PB_MKT2', 'CN1', 0),
('NV005', 'Hoàng Văn E', 'Nam', '1993-07-01', '001567890123', 'ehv@example.com', '0911112223', '202 Đường E, TP.HCM', 'Hoa', 'Không', 'Độc thân', 'TD001', 'CV003', 'PB_KT1', 'CN3', 0),
('NV006', 'Nguyễn Thị F', 'Nữ', '1991-04-25', '001678901234', 'fnt@example.com', '0914445556', '303 Đường F, Hà Nội', 'Kinh', 'Phật giáo', 'Đã kết hôn', 'TD002', 'CV003', 'PB_KT3', 'CN2', 0),
('NV007', 'Trần Văn G', 'Nam', '1996-09-05', '001789012345', 'gtv@example.com', '0917778889', '404 Đường G, Đà Nẵng', 'Kinh', 'Không', 'Độc thân', 'TD003', 'CV004', 'PB_NS2', 'CN3', 0),
('NV008', 'Lê Thị H', 'Nữ', '1989-12-18', '001890123456', 'hlt@example.com', '0919990001', '505 Đường H, TP.HCM', 'Kinh', 'Thiên Chúa giáo','Đã kết hôn', 'TD004', 'CV003', 'PB_DA3', 'CN1', 0),
('NV009', 'Phạm Văn I', 'Nam', '1994-06-14', '001901234567', 'ipv@example.com', '0931112223', '606 Đường I, TP.HCM', 'Chăm', 'Không', 'Độc thân', 'TD001', 'CV003', 'PB_TC3', 'CN1', 0),
('NV010', 'Hoàng Thị K', 'Nữ', '1997-03-08', '002012345678', 'kht@example.com', '0934445556', '707 Đường K, Hà Nội', 'Kinh', 'Không', 'Độc thân', 'TD002', 'CV005', 'PB_TC3', 'CN2', 0),
('NV011', 'Nguyễn Văn L', 'Nam', '1985-01-22', '002123456789', 'lnv@example.com', '0937778889', '808 Đường L, Đà Nẵng', 'Kinh', 'Không', 'Đã kết hôn', 'TD007', 'CV002', 'PB_KD2', 'CN3', 0),
('NV012', 'Trần Thị M', 'Nữ', '1998-11-11', '002234567890', 'mtt@example.com', '0939990001', '909 Đường M, Đà Nẵng', 'Kinh', 'Phật giáo', 'Độc thân', 'TD005', 'CV003', 'PB_MKT2', 'CN2', 0);

INSERT INTO LOAIHD (IDLOAI, TENLOAI, THOIHAN, BHYT, BHXH, BHTN) VALUES
('HD001', 'Hợp đồng Không xác định thời hạn', NULL, 'Có', 'Có', 'Có'),
('HD002', 'Hợp đồng Xác định thời hạn 12 tháng', 12, 'Có', 'Có', 'Có'),
('HD003', 'Hợp đồng Xác định thời hạn 24 tháng', 24, 'Có', 'Có', 'Có'),
('HD004', 'Hợp đồng Thử việc', 2, 'Không', 'Không', 'Không');

INSERT INTO HOPDONG (SODH, NGAYKY, NGAYBATDAU, NGAYKETTHUC, LUONGCOBAN, TRANGTHAI, IDNV, LOAIHD, IsDeleted) VALUES
('HDNV001', '2023-01-01', '2023-01-01', NULL,         25000000.00, 'Có hiệu lực', 'NV001', 'HD001', 0),
('HDNV002', '2024-03-15', '2024-03-15', '2025-03-14', 18000000.00, 'Có hiệu lực', 'NV002', 'HD002', 0),
('HDNV003', '2023-07-01', '2023-07-01', NULL,         15000000.00, 'Có hiệu lực', 'NV003', 'HD001', 0),
('HDNV004', '2024-01-20', '2024-01-20', '2026-01-19', 16000000.00, 'Có hiệu lực', 'NV004', 'HD003', 0),
('HDNV005', '2024-05-10', '2024-05-10', '2024-08-09',  8000000.00, 'Có hiệu lực', 'NV005', 'HD004', 0),
('HDNV006', '2023-09-01', '2023-09-01', NULL,         14000000.00, 'Có hiệu lực', 'NV006', 'HD001', 0),
('HDNV007', '2024-02-28', '2024-02-28', '2025-02-27', 17000000.00, 'Có hiệu lực', 'NV007', 'HD002', 0),
('HDNV008', '2023-04-05', '2023-04-05', NULL,         19000000.00, 'Có hiệu lực', 'NV008', 'HD001', 0),
('HDNV009', '2024-06-01', '2024-06-01', '2026-05-31', 13000000.00, 'Có hiệu lực', 'NV009', 'HD003', 0),
('HDNV010', '2024-07-15', '2024-07-15', '2024-10-14',  7000000.00, 'Có hiệu lực', 'NV010', 'HD004', 0),
('HDNV011', '2023-02-10', '2023-02-10', NULL,         20000000.00, 'Có hiệu lực', 'NV011', 'HD001', 0),
('HDNV012', '2024-08-01', '2024-08-01', '2025-07-31', 10000000.00, 'Có hiệu lực', 'NV012', 'HD002', 0);

INSERT INTO BANGCHAMCONG (IDBC, IDNV, THANG, NAM, SOGIOTANGCA, SONGAYNGHI, SONGAYDITRE, TONGNGAYLAM, TRANGTHAI) VALUES
('BCC001', 'NV001', 1, 2024, 10.5, 1, 0, 25, 'Đã duyệt'),
('BCC002', 'NV002', 1, 2024,  5.0, 2, 1, 24, 'Đã duyệt'),
('BCC003', 'NV003', 1, 2024,  8.0, 0, 0, 26, 'Đã duyệt');

INSERT INTO BANGLUONG (IDBL, IDBC, LUONGCOBAN, LUONGTHUCTE, THUETNCN, LUONGTHUONG, PHUCAPCHUCVU, KHOANTRUBAOHIEM, PHUCAPKHAC, KHOANTRUKHAC, THUCNHAN) VALUES
('BL001', 'BCC001', 25000000.00, 26000000.00, 500000.00, 1000000.00, 3000000.00, 2000000.00, 500000.00, 0.00, 28000000.00),
('BL002', 'BCC002', 18000000.00, 18500000.00, 300000.00,  500000.00, 2000000.00, 1500000.00, 300000.00, 100000.00, 19400000.00);

INSERT INTO TUYENDUNG (MATD, IDCN, VITRITD, DOTUOI, GIOITINH, SOLUONG, HANTD, LUONGTOITHIEU, LUONGTOIDA, SOHOSODANAOP, SOHOSODATUYEN, TRANGTHAI, IsDeleted) VALUES
('TD001', 'CN1', 'Nhân viên Kinh doanh', 22, 'Không', 5, '2024-12-31', 8000000.00,  15000000.00, 15, 3, 'Đang tuyển', 0),
('TD002', 'CN2', 'Chuyên viên Marketing', 25, 'Không', 3, '2024-11-30', 10000000.00, 18000000.00, 10, 2, 'Đang tuyển', 0),
('TD003', 'CN3', 'Nhân viên Kế toán', 22, 'Nữ', 2, '2024-10-31', 9000000.00,  14000000.00,  8, 1, 'Đang tuyển', 0);
